meter_name,date,avg_instant_flow,pred_flow,confidence
TÂN VIÊN 1,2025-07-04,1.975,2.4620552,NNthap
TÂN VIÊN 1,2025-07-05,1.775,2.4227815,NNthap
TÂN VIÊN 1,2025-07-06,2.9000000000000004,2.5664704,NNTB
TÂN VIÊN 1,2025-07-07,2.225,2.5503442,NNthap
TÂN VIÊN 1,2025-07-08,3.15,2.743895,NNTB
TÂN VIÊN 1,2025-07-09,3.075,2.874799,NNTB
TÂN VIÊN 1,2025-07-10,10.8,4.4479485,NNcao
TÂN VIÊN 1,2025-07-11,2.45,3.1225812,NNthap
TÂN VIÊN 1,2025-07-12,2.775,3.332247,NNthap
TÂN VIÊN 1,2025-07-13,2.2,3.2604256,NNthap
TÂN VIÊN 1,2025-07-14,2.1,2.5611074,NNthap
TÂN VIÊN 1,2025-07-15,2.4,2.5948517,NNthap
TÂN VIÊN 1,2025-07-16,2.175,2.5255847,NNthap
TÂN VIÊN 1,2025-07-17,2.475,2.5794446,NNthap
TÂN VIÊN 1,2025-07-18,3.025,2.739815,NNTB
TÂN VIÊN 1,2025-07-19,2.55,2.7070773,NNthap
TÂN VIÊN 1,2025-07-20,3.2,2.8626993,NNTB
TÂN VIÊN 1,2025-07-21,2.75,2.84166,NNTB
TÂN VIÊN 1,2025-07-22,5.425,3.3826475,NNcao
TÂN VIÊN 1,2025-07-23,2.8,3.0704494,NNthap
TÂN VIÊN 1,2025-07-24,2.25,2.861049,NNthap
TÂN VIÊN 1,2025-07-25,3.05,3.0257678,NNthap
TÂN VIÊN 1,2025-07-26,3.25,2.8959131,NNTB
TÂN VIÊN 1,2025-07-27,2.0,2.6546283,NNthap
TÂN VIÊN 1,2025-07-28,2.575,2.7293515,NNthap
TÂN VIÊN 1,2025-07-29,2.1,2.6069953,NNthap
TÂN VIÊN 1,2025-07-30,2.675,2.6191156,NNthap
TÂN VIÊN 1,2025-07-31,2.65,2.6915712,NNthap
TÂN VIÊN 1,2025-08-01,2.75,2.717894,NNthap
TÂN VIÊN 1,2025-08-02,2.925,2.8120377,NNthap
TÂN VIÊN 1,2025-08-03,1.75,2.5737913,NNTB
TÂN VIÊN 1,2025-08-04,12.1,4.4764547,NNcao
TÂN VIÊN 1,2025-08-05,2.95,3.3213909,NNthap
TÂN VIÊN 1,2025-08-06,1.875,3.0740168,NNthap
TÂN VIÊN 1,2025-08-07,2.775,3.5304775,NNthap
TÂN VIÊN 1,2025-08-08,2.95,2.7812276,NNthap
TÂN VIÊN 1,2025-08-09,2.95,2.7860613,NNthap
TÂN VIÊN 1,2025-08-10,2.55,2.7807252,NNthap
TÂN VIÊN 1,2025-08-11,2.525,2.7467923,NNthap
TÂN VIÊN 1,2025-08-12,3.2,2.860992,NNTB
TÂN VIÊN 1,2025-08-13,2.2750000000000004,2.6970043,NNthap
TÂN VIÊN 1,2025-08-14,1.675,2.5138168,NNthap
TÂN VIÊN 1,2025-08-15,2.125,2.528104,NNthap
TÂN VIÊN 1,2025-08-16,2.25,2.4783843,NNTB
TÂN VIÊN 1,2025-08-17,4.1,2.8652961,NNcao
TÂN VIÊN 1,2025-08-18,2.175,2.7150211,NNthap
TÂN VIÊN 1,2025-08-19,2.4,2.7109601,NNthap
TÂN VIÊN 1,2025-08-20,1.95,2.636591,NNthap
TÂN VIÊN 1,2025-08-21,2.125,2.4837718,NNthap
TÂN VIÊN 1,2025-08-22,2.45,2.5552912,NNthap
TÂN VIÊN 1,2025-08-23,1.625,2.3941116,NNthap
TÂN VIÊN 1,2025-08-24,2.175,2.454233,NNthap
TÂN VIÊN 1,2025-08-25,2.325,2.5113306,NNthap
TÂN VIÊN 1,2025-08-26,1.95,2.4270248,NNthap
TÂN VIÊN 1,2025-08-27,1.575,2.3596094,NNthap
TÂN VIÊN 1,2025-08-28,2.025,2.3901393,NNthap
TÂN VIÊN 1,2025-08-29,1.0499999999999998,2.1748781,NNthap
TÂN VIÊN 1,2025-08-30,1.725,2.1988034,NNthap
TÂN VIÊN 1,2025-08-31,2.575,2.4133377,NNthap
TÂN VIÊN 1,2025-09-01,2.125,2.4084496,NNthap
TÂN VIÊN 1,2025-09-02,1.8,2.412318,NNthap
TÂN VIÊN 1,2025-09-03,1.75,2.3963745,NNthap
TÂN VIÊN 1,2025-09-04,2.35,2.4493086,NNthap
TÂN VIÊN 1,2025-09-05,3.05,2.6397212,NNTB
TÂN VIÊN 1,2025-09-06,2.325,2.6175668,NNthap
TÂN VIÊN 1,2025-09-07,3.325,2.8548253,NNTB
TÂN VIÊN 1,2025-09-08,1.65,2.589532,NNthap
TÂN VIÊN 1,2025-09-09,1.85,2.4779205,NNthap
TÂN VIÊN 1,2025-09-10,2.25,2.5341833,NNthap
TÂN VIÊN 1,2025-09-11,1.95,2.3922157,NNthap
TÂN VIÊN 1,2025-09-12,2.75,2.5744922,NNthap
TÂN VIÊN 1,2025-09-13,1.95,2.509358,NNthap
TÂN VIÊN 1,2025-09-14,1.85,2.435181,NNthap
TÂN VIÊN 1,2025-09-15,1.975,2.4507782,NNthap
TÂN VIÊN 1,2025-09-16,2.975,2.5971358,NNTB
TÂN VIÊN 1,2025-09-17,2.9,2.7110043,NNthap
TÂN VIÊN 1,2025-09-18,1.975,2.5881271,NNthap
TÂN VIÊN 1,2025-09-19,2.775,2.735631,NNthap
TÂN VIÊN 1,2025-09-20,2.8,2.7525337,NNTB
TÂN VIÊN 1,2025-09-21,4.35,3.075971,NNcao
TÂN VIÊN 1,2025-09-22,2.625,2.921005,NNthap
TÂN VIÊN 1,2025-09-23,2.45,2.826517,NNthap
TÂN VIÊN 1,2025-09-24,2.95,2.9201062,NNthap
TÂN VIÊN 1,2025-09-25,2.975,2.8258574,NNthap
TÂN VIÊN 1,2025-09-26,2.5,2.7474127,NNthap
TÂN VIÊN 1,2025-09-27,2.125,2.654112,NNthap
TÂN VIÊN 1,2025-09-28,2.45,2.6500595,NNthap
TÂN VIÊN 1,2025-09-29,2.025,2.5255764,NNthap
TÂN VIÊN 1,2025-09-30,3.075,2.6939497,NNTB
TÂN VIÊN 1,2025-10-14,3.825,2.9756258,NNcao
TÂN VIÊN 1,2025-10-15,2.3,2.7649472,NNthap
TÂN VIÊN 1,2025-10-16,2.875,2.8742669,NNthap
TÂN VIÊN 1,2025-10-17,3.7,3.0635748,NNTB
DU LỄ 2,2025-07-04,1.775,1.603958,NNTB
DU LỄ 2,2025-07-05,2.525,1.7680317,NNcao
DU LỄ 2,2025-07-06,2.15,1.6867489,NNcao
DU LỄ 2,2025-07-07,2.575,1.8181275,NNcao
DU LỄ 2,2025-07-08,2.475,1.8120402,NNcao
DU LỄ 2,2025-07-09,0.675,1.1967546,NNthap
DU LỄ 2,2025-07-10,1.575,1.5883522,NNthap
DU LỄ 2,2025-07-11,0.925,1.2943954,NNthap
DU LỄ 2,2025-07-12,1.025,1.1583732,NNthap
DU LỄ 2,2025-07-13,1.3,1.266314,NNthap
DU LỄ 2,2025-07-14,1.225,1.223489,NNthap
DU LỄ 2,2025-07-15,1.2,1.2454842,NNthap
DU LỄ 2,2025-07-16,1.05,1.227669,NNthap
DU LỄ 2,2025-07-17,1.35,1.2699547,NNthap
DU LỄ 2,2025-07-18,1.175,1.2485397,NNTB
DU LỄ 2,2025-07-19,1.85,1.3955821,NNcao
DU LỄ 2,2025-07-20,1.1,1.3006902,NNthap
DU LỄ 2,2025-07-21,1.25,1.3088927,NNthap
DU LỄ 2,2025-07-22,1.75,1.4465735,NNTB
DU LỄ 2,2025-07-23,1.55,1.390792,NNTB
DU LỄ 2,2025-07-24,1.475,1.4047081,NNthap
DU LỄ 2,2025-07-25,0.825,1.2557611,NNthap
DU LỄ 2,2025-07-26,0.9,1.2004881,NNthap
DU LỄ 2,2025-07-27,1.075,1.176981,NNthap
DU LỄ 2,2025-07-28,1.25,1.1737535,NNthap
DU LỄ 2,2025-07-29,1.125,1.1964625,NNthap
DU LỄ 2,2025-07-30,1.0,1.1869701,NNthap
DU LỄ 2,2025-07-31,1.025,1.1840224,NNthap
DU LỄ 2,2025-08-01,0.8,1.1092657,NNthap
DU LỄ 2,2025-08-02,0.625,1.0297084,NNthap
DU LỄ 2,2025-08-03,1.05,1.0750644,NNthap
DU LỄ 2,2025-08-04,1.45,1.1770676,NNTB
DU LỄ 2,2025-08-05,1.3,1.2314439,NNthap
DU LỄ 2,2025-08-06,0.875,1.1906724,NNthap
DU LỄ 2,2025-08-07,1.025,1.2079828,NNthap
DU LỄ 2,2025-08-08,0.8,1.1154716,NNthap
DU LỄ 2,2025-08-09,1.35,1.1742473,NNTB
DU LỄ 2,2025-08-10,3.75,1.7363418,NNcao
DU LỄ 2,2025-08-11,0.95,1.2980165,NNthap
DU LỄ 2,2025-08-12,1.8,1.6391343,NNthap
DU LỄ 2,2025-08-13,1.95,1.7089099,NNTB
DU LỄ 2,2025-08-14,1.6749999999999998,1.4677197,NNTB
DU LỄ 2,2025-08-15,0.975,1.3282652,NNthap
DU LỄ 2,2025-08-16,1.2,1.3494672,NNthap
DU LỄ 2,2025-08-17,1.275,1.2972788,NNthap
DU LỄ 2,2025-08-18,1.0750000000000002,1.207528,NNthap
DU LỄ 2,2025-08-19,0.975,1.1903675,NNthap
DU LỄ 2,2025-08-20,1.025,1.1786331,NNthap
DU LỄ 2,2025-08-21,1.25,1.2035058,NNthap
DU LỄ 2,2025-08-22,1.175,1.2108377,NNthap
DU LỄ 2,2025-08-23,1.25,1.2462589,NNthap
DU LỄ 2,2025-08-24,1.375,1.300853,NNthap
DU LỄ 2,2025-08-25,1.75,1.4028553,NNTB
DU LỄ 2,2025-08-26,1.0,1.2717391,NNTB
DU LỄ 2,2025-08-27,2.2750000000000004,1.547656,NNcao
DU LỄ 2,2025-08-28,0.7,1.2288287,NNthap
DU LỄ 2,2025-08-29,1.025,1.235599,NNthap
DU LỄ 2,2025-08-30,0.875,1.2207474,NNthap
DU LỄ 2,2025-08-31,0.95,1.0788574,NNthap
DU LỄ 2,2025-09-01,1.025,1.1264604,NNthap
DU LỄ 2,2025-09-02,0.95,1.1114267,NNthap
DU LỄ 2,2025-09-03,1.025,1.1342708,NNthap
DU LỄ 2,2025-09-04,1.125,1.1672695,NNthap
DU LỄ 2,2025-09-05,0.8500000000000001,1.1174297,NNthap
DU LỄ 2,2025-09-06,0.9,1.111661,NNthap
DU LỄ 2,2025-09-07,0.75,1.0666075,NNthap
DU LỄ 2,2025-09-08,1.0750000000000002,1.090272,NNthap
DU LỄ 2,2025-09-09,0.775,1.060331,NNthap
DU LỄ 2,2025-09-10,1.2,1.12934,NNthap
DU LỄ 2,2025-09-11,1.175,1.1892312,NNthap
DU LỄ 2,2025-09-12,1.625,1.2982616,NNcao
DU LỄ 2,2025-09-13,1.65,1.4046202,NNTB
DU LỄ 2,2025-09-14,1.25,1.3398594,NNthap
DU LỄ 2,2025-09-15,1.45,1.3996574,NNthap
DU LỄ 2,2025-09-16,1.35,1.3622515,NNthap
DU LỄ 2,2025-09-17,0.975,1.2381663,NNthap
DU LỄ 2,2025-09-18,1.05,1.2299953,NNthap
DU LỄ 2,2025-09-19,1.075,1.1976582,NNthap
DU LỄ 2,2025-09-20,1.0,1.1507059,NNTB
DU LỄ 2,2025-09-21,2.1,1.3913591,NNcao
DU LỄ 2,2025-09-22,0.95,1.2499726,NNthap
DU LỄ 2,2025-09-23,0.875,1.2072155,NNthap
DU LỄ 2,2025-09-24,1.7000000000000002,1.403532,NNTB
DU LỄ 2,2025-09-25,0.875,1.1755922,NNthap
DU LỄ 2,2025-09-26,1.075,1.1972852,NNthap
DU LỄ 2,2025-09-27,1.0,1.2109923,NNthap
DU LỄ 2,2025-09-28,0.9,1.1099527,NNthap
DU LỄ 2,2025-09-29,1.05,1.1443553,NNthap
DU LỄ 2,2025-09-30,1.1,1.1569381,NNthap
DU LỄ 2,2025-10-14,0.925,1.1288055,NNthap
DU LỄ 2,2025-10-15,1.075,1.1612494,NNthap
DU LỄ 2,2025-10-16,1.375,1.2356652,NNTB
DU LỄ 2,2025-10-17,0.975,1.1790584,NNthap
TÂN VIÊN 3,2025-07-04,5.05,5.8477902,NNthap
TÂN VIÊN 3,2025-07-05,4.25,5.6277237,NNthap
TÂN VIÊN 3,2025-07-06,5.2,5.2279677,NNthap
TÂN VIÊN 3,2025-07-07,5.25,5.3270035,NNthap
TÂN VIÊN 3,2025-07-08,5.0,5.293298,NNthap
TÂN VIÊN 3,2025-07-09,4.85,5.3161454,NNthap
TÂN VIÊN 3,2025-07-10,4.4,5.1758785,NNthap
TÂN VIÊN 3,2025-07-11,4.325,5.0653653,NNthap
TÂN VIÊN 3,2025-07-12,5.45,5.238719,NNthap
TÂN VIÊN 3,2025-07-13,5.175,5.289356,NNthap
TÂN VIÊN 3,2025-07-14,4.449999999999999,5.1853766,NNthap
TÂN VIÊN 3,2025-07-15,4.65,5.2184534,NNthap
TÂN VIÊN 3,2025-07-16,5.575,5.3539577,NNthap
TÂN VIÊN 3,2025-07-17,4.975,5.2966123,NNthap
TÂN VIÊN 3,2025-07-18,5.35,5.408138,NNthap
TÂN VIÊN 3,2025-07-19,4.85,5.3657427,NNthap
TÂN VIÊN 3,2025-07-20,4.175,5.1290216,NNthap
TÂN VIÊN 3,2025-07-21,5.875,5.4087524,NNthap
TÂN VIÊN 3,2025-07-22,6.375,5.643676,NNTB
TÂN VIÊN 3,2025-07-23,5.025,5.475449,NNthap
TÂN VIÊN 3,2025-07-24,4.9,5.4753227,NNthap
TÂN VIÊN 3,2025-07-25,5.3,5.4960275,NNthap
TÂN VIÊN 3,2025-07-26,4.725,5.2773585,NNthap
TÂN VIÊN 3,2025-07-27,5.675,5.4453206,NNthap
TÂN VIÊN 3,2025-07-28,4.825,5.3529906,NNthap
TÂN VIÊN 3,2025-07-29,5.375,5.410466,NNthap
TÂN VIÊN 3,2025-07-30,5.175,5.442026,NNthap
TÂN VIÊN 3,2025-07-31,4.775,5.297559,NNthap
TÂN VIÊN 3,2025-08-01,5.925,5.542263,NNthap
TÂN VIÊN 3,2025-08-02,6.325,5.7281685,NNTB
TÂN VIÊN 3,2025-08-03,5.65,5.6710277,NNthap
TÂN VIÊN 3,2025-08-04,6.2,5.8559537,NNthap
TÂN VIÊN 3,2025-08-05,4.15,5.3541656,NNthap
TÂN VIÊN 3,2025-08-06,5.025,5.3795123,NNTB
TÂN VIÊN 3,2025-08-07,7.625,5.9275656,NNcao
TÂN VIÊN 3,2025-08-08,7.6,6.1700144,NNTB
TÂN VIÊN 3,2025-08-09,7.25,6.2853084,NNTB
TÂN VIÊN 3,2025-08-10,4.5,5.5422845,NNthap
TÂN VIÊN 3,2025-08-11,4.375,5.503977,NNthap
TÂN VIÊN 3,2025-08-12,5.15,5.4365172,NNthap
TÂN VIÊN 3,2025-08-13,4.525,5.117311,NNthap
TÂN VIÊN 3,2025-08-14,5.275,5.2619615,NNthap
TÂN VIÊN 3,2025-08-15,5.1,5.3388095,NNthap
TÂN VIÊN 3,2025-08-16,5.675,5.458369,NNthap
TÂN VIÊN 3,2025-08-17,5.6,5.5658665,NNthap
TÂN VIÊN 3,2025-08-18,6.75,5.8585525,NNTB
TÂN VIÊN 3,2025-08-19,6.0,5.838923,NNthap
TÂN VIÊN 3,2025-08-20,6.550000000000001,5.9796853,NNthap
TÂN VIÊN 3,2025-08-21,7.6,6.328741,NNTB
TÂN VIÊN 3,2025-08-22,5.3,5.7447248,NNthap
TÂN VIÊN 3,2025-08-23,3.925,5.3538074,NNthap
TÂN VIÊN 3,2025-08-24,6.75,5.8575387,NNTB
TÂN VIÊN 3,2025-08-25,5.4,5.5466504,NNthap
TÂN VIÊN 3,2025-08-26,6.625,5.7949214,NNTB
TÂN VIÊN 3,2025-08-27,5.475,5.749491,NNthap
TÂN VIÊN 3,2025-08-28,5.7,5.696145,NNthap
TÂN VIÊN 3,2025-08-29,6.275,5.874112,NNthap
TÂN VIÊN 3,2025-08-30,6.4,5.886996,NNthap
TÂN VIÊN 3,2025-08-31,6.5,5.978732,NNthap
TÂN VIÊN 3,2025-09-01,7.25,6.226024,NNTB
TÂN VIÊN 3,2025-09-02,6.95,6.211166,NNTB
TÂN VIÊN 3,2025-09-03,6.025,5.971809,NNthap
TÂN VIÊN 3,2025-09-04,7.25,6.2974644,NNTB
TÂN VIÊN 3,2025-09-05,6.275,6.036789,NNthap
TÂN VIÊN 3,2025-09-06,7.325,6.2616763,NNTB
TÂN VIÊN 3,2025-09-07,5.95,5.9668727,NNthap
TÂN VIÊN 3,2025-09-08,6.275,5.9886837,NNthap
TÂN VIÊN 3,2025-09-09,5.375,5.7623844,NNthap
TÂN VIÊN 3,2025-09-10,5.8,5.7294426,NNthap
TÂN VIÊN 3,2025-09-11,4.775,5.473572,NNthap
TÂN VIÊN 3,2025-09-12,5.425,5.486481,NNthap
TÂN VIÊN 3,2025-09-13,5.225,5.4663124,NNthap
TÂN VIÊN 3,2025-09-14,5.875,5.5577865,NNthap
TÂN VIÊN 3,2025-09-15,6.9,5.9172897,NNTB
TÂN VIÊN 3,2025-09-16,5.175,5.622903,NNthap
TÂN VIÊN 3,2025-09-17,5.375,5.6444116,NNthap
TÂN VIÊN 3,2025-09-18,5.975,5.7686753,NNthap
TÂN VIÊN 3,2025-09-19,5.15,5.5035534,NNthap
TÂN VIÊN 3,2025-09-20,5.25,5.5027127,NNthap
TÂN VIÊN 3,2025-09-21,4.975,5.432344,NNthap
TÂN VIÊN 3,2025-09-22,5.075,5.3609858,NNthap
TÂN VIÊN 3,2025-09-23,5.0,5.34055,NNthap
TÂN VIÊN 3,2025-09-24,5.3500000000000005,5.395108,NNthap
TÂN VIÊN 3,2025-09-25,5.475,5.4709926,NNthap
TÂN VIÊN 3,2025-09-26,4.825,5.3561616,NNthap
TÂN VIÊN 3,2025-09-27,4.325,5.203718,NNthap
TÂN VIÊN 3,2025-09-28,5.875,5.4418955,NNthap
TÂN VIÊN 3,2025-09-29,6.05,5.583909,NNthap
TÂN VIÊN 3,2025-09-30,5.975,5.6829953,NNthap
TÂN VIÊN 3,2025-10-14,5.775,5.7567167,NNthap
TÂN VIÊN 3,2025-10-15,6.3,5.877336,NNthap
TÂN VIÊN 3,2025-10-16,6.575,5.9760094,NNTB
TÂN VIÊN 3,2025-10-17,5.65,5.7779403,NNthap
DU LỄ 4,2025-07-04,1.975,2.6462972,NNthap
DU LỄ 4,2025-07-05,3.15,2.8414292,NNTB
DU LỄ 4,2025-07-06,2.675,2.7765496,NNthap
DU LỄ 4,2025-07-07,2.75,2.8016164,NNthap
DU LỄ 4,2025-07-08,2.2,2.7495258,NNthap
DU LỄ 4,2025-07-09,2.125,2.637765,NNthap
DU LỄ 4,2025-07-10,2.35,2.6327534,NNthap
DU LỄ 4,2025-07-11,2.825,2.7002852,NNthap
DU LỄ 4,2025-07-12,2.5,2.7111056,NNthap
DU LỄ 4,2025-07-13,2.5,2.7314918,NNthap
DU LỄ 4,2025-07-14,2.5,2.7446492,NNthap
DU LỄ 4,2025-07-15,2.975,2.8143232,NNthap
DU LỄ 4,2025-07-16,2.025,2.6702447,NNthap
DU LỄ 4,2025-07-17,2.475,2.6932032,NNthap
DU LỄ 4,2025-07-18,3.325,2.8820426,NNTB
DU LỄ 4,2025-07-19,2.6,2.795013,NNthap
DU LỄ 4,2025-07-20,2.375,2.767905,NNthap
DU LỄ 4,2025-07-21,2.175,2.7122593,NNthap
DU LỄ 4,2025-07-22,3.175,2.8080864,NNTB
DU LỄ 4,2025-07-23,1.975,2.646089,NNTB
DU LỄ 4,2025-07-24,3.875,2.9542751,NNcao
DU LỄ 4,2025-07-25,2.45,2.869982,NNthap
DU LỄ 4,2025-07-26,3.4000000000000004,2.9721267,NNTB
DU LỄ 4,2025-07-27,2.6750000000000003,2.9604928,NNthap
DU LỄ 4,2025-07-28,2.4,2.785368,NNthap
DU LỄ 4,2025-07-29,2.525,2.803153,NNthap
DU LỄ 4,2025-07-30,2.75,2.7779732,NNthap
DU LỄ 4,2025-07-31,2.375,2.7139907,NNthap
DU LỄ 4,2025-08-01,2.275,2.6775224,NNthap
DU LỄ 4,2025-08-02,2.65,2.7297957,NNthap
DU LỄ 4,2025-08-03,2.875,2.7814915,NNthap
DU LỄ 4,2025-08-04,3.15,2.8923337,NNthap
DU LỄ 4,2025-08-05,3.5,3.0512557,NNTB
DU LỄ 4,2025-08-06,2.05,2.7971075,NNthap
DU LỄ 4,2025-08-07,2.75,2.8580942,NNthap
DU LỄ 4,2025-08-08,2.85,2.870067,NNthap
DU LỄ 4,2025-08-09,2.7,2.784603,NNthap
DU LỄ 4,2025-08-10,2.675,2.8284256,NNthap
DU LỄ 4,2025-08-11,3.0,2.8906217,NNthap
DU LỄ 4,2025-08-12,2.375,2.778875,NNthap
DU LỄ 4,2025-08-13,2.425,2.7432516,NNthap
DU LỄ 4,2025-08-14,2.95,2.8339152,NNthap
DU LỄ 4,2025-08-15,2.025,2.6517463,NNthap
DU LỄ 4,2025-08-16,2.625,2.7148767,NNthap
DU LỄ 4,2025-08-17,2.7750000000000004,2.7871044,NNthap
DU LỄ 4,2025-08-18,2.65,2.7518215,NNthap
DU LỄ 4,2025-08-19,3.125,2.9004655,NNthap
DU LỄ 4,2025-08-20,2.525,2.8292859,NNthap
DU LỄ 4,2025-08-21,2.2,2.7199569,NNthap
DU LỄ 4,2025-08-22,2.175,2.6685407,NNthap
DU LỄ 4,2025-08-23,2.375,2.6235871,NNthap
DU LỄ 4,2025-08-24,3.125,2.7682045,NNTB
DU LỄ 4,2025-08-25,2.675,2.7911804,NNthap
DU LỄ 4,2025-08-26,2.75,2.8328793,NNthap
DU LỄ 4,2025-08-27,2.325,2.7750442,NNthap
DU LỄ 4,2025-08-28,2.9,2.8148293,NNthap
DU LỄ 4,2025-08-29,3.225,2.9241807,NNTB
DU LỄ 4,2025-08-30,2.75,2.8735871,NNthap
DU LỄ 4,2025-08-31,3.0,2.9469748,NNthap
DU LỄ 4,2025-09-01,3.2,3.0075948,NNthap
DU LỄ 4,2025-09-02,3.2,3.01042,NNthap
DU LỄ 4,2025-09-03,2.625,2.915932,NNthap
DU LỄ 4,2025-09-04,3.425,3.0477507,NNTB
DU LỄ 4,2025-09-05,2.475,2.8785512,NNTB
DU LỄ 4,2025-09-06,8.175,3.894193,NNcao
DU LỄ 4,2025-09-07,2.5,3.0692096,NNthap
DU LỄ 4,2025-09-08,2.575,3.149145,NNthap
DU LỄ 4,2025-09-09,2.725,3.2688808,NNthap
DU LỄ 4,2025-09-10,2.75,2.8029492,NNthap
DU LỄ 4,2025-09-11,2.775,2.8304863,NNthap
DU LỄ 4,2025-09-12,3.1,2.9172463,NNthap
DU LỄ 4,2025-09-13,2.375,2.8008654,NNthap
DU LỄ 4,2025-09-14,2.425,2.760047,NNthap
DU LỄ 4,2025-09-15,2.275,2.7014406,NNthap
DU LỄ 4,2025-09-16,2.9,2.7503917,NNthap
DU LỄ 4,2025-09-17,3.575,2.9619715,NNTB
DU LỄ 4,2025-09-18,3.325,3.0342152,NNthap
DU LỄ 4,2025-09-19,3.25,3.0881786,NNthap
DU LỄ 4,2025-09-20,3.125,3.086124,NNthap
DU LỄ 4,2025-09-21,3.575,3.15031,NNTB
DU LỄ 4,2025-09-22,2.95,3.0377958,NNthap
DU LỄ 4,2025-09-23,3.25,3.0685093,NNthap
DU LỄ 4,2025-09-24,3.425,3.1278048,NNthap
DU LỄ 4,2025-09-25,2.825,2.9823184,NNthap
DU LỄ 4,2025-09-26,3.025,3.004626,NNthap
DU LỄ 4,2025-09-27,3.05,2.999825,NNTB
DU LỄ 4,2025-09-28,5.075,3.3934107,NNcao
DU LỄ 4,2025-09-29,3.275,3.2117548,NNthap
DU LỄ 4,2025-09-30,2.75,3.0688899,NNthap
DU LỄ 4,2025-10-14,2.85,3.0962625,NNthap
DU LỄ 4,2025-10-15,2.975,2.9462364,NNthap
DU LỄ 4,2025-10-16,3.6,3.057778,NNTB
DU LỄ 4,2025-10-17,3.3,3.0808122,NNthap
DU LỄ 1,2025-07-04,1.625,1.9603719,NNthap
DU LỄ 1,2025-07-05,1.275,1.5898957,NNTB
DU LỄ 1,2025-07-06,2.175,1.6607238,NNcao
DU LỄ 1,2025-07-07,1.325,1.5666544,NNthap
DU LỄ 1,2025-07-08,1.625,1.5816337,NNthap
DU LỄ 1,2025-07-09,1.475,1.5899901,NNthap
DU LỄ 1,2025-07-10,1.525,1.5377421,NNthap
DU LỄ 1,2025-07-11,1.2,1.4879875,NNthap
DU LỄ 1,2025-07-12,1.45,1.4937062,NNthap
DU LỄ 1,2025-07-13,1.325,1.4752574,NNthap
DU LỄ 1,2025-07-14,1.375,1.4638652,NNthap
DU LỄ 1,2025-07-15,1.525,1.5109701,NNthap
DU LỄ 1,2025-07-16,1.85,1.5884423,NNTB
DU LỄ 1,2025-07-17,1.25,1.5173908,NNthap
DU LỄ 1,2025-07-18,1.125,1.4634587,NNthap
DU LỄ 1,2025-07-19,1.375,1.4788679,NNthap
DU LỄ 1,2025-07-20,1.175,1.405863,NNthap
DU LỄ 1,2025-07-21,1.4,1.4365723,NNthap
DU LỄ 1,2025-07-22,1.475,1.4844198,NNthap
DU LỄ 1,2025-07-23,1.5,1.5011791,NNthap
DU LỄ 1,2025-07-24,1.45,1.5191296,NNthap
DU LỄ 1,2025-07-25,1.15,1.4592445,NNthap
DU LỄ 1,2025-07-26,1.4,1.4731662,NNthap
DU LỄ 1,2025-07-27,1.4,1.4737136,NNthap
DU LỄ 1,2025-07-28,1.4,1.4696171,NNthap
DU LỄ 1,2025-07-29,1.375,1.4857037,NNthap
DU LỄ 1,2025-07-30,1.175,1.4417638,NNthap
DU LỄ 1,2025-07-31,1.425,1.4658803,NNthap
DU LỄ 1,2025-08-01,1.475,1.4875548,NNthap
DU LỄ 1,2025-08-02,1.15,1.4319127,NNthap
DU LỄ 1,2025-08-03,1.325,1.4537046,NNthap
DU LỄ 1,2025-08-04,1.375,1.4615601,NNTB
DU LỄ 1,2025-08-05,2.075,1.5924228,NNcao
DU LỄ 1,2025-08-06,1.175,1.5095851,NNthap
DU LỄ 1,2025-08-07,1.6,1.5591714,NNthap
DU LỄ 1,2025-08-08,1.875,1.651214,NNTB
DU LỄ 1,2025-08-09,1.425,1.5481086,NNthap
DU LỄ 1,2025-08-10,1.375,1.5429171,NNTB
DU LỄ 1,2025-08-11,2.175,1.6879487,NNcao
DU LỄ 1,2025-08-12,0.975,1.4816428,NNthap
DU LỄ 1,2025-08-13,1.75,1.5736943,NNTB
DU LỄ 1,2025-08-14,1.675,1.6191798,NNthap
DU LỄ 1,2025-08-15,1.175,1.4698049,NNthap
DU LỄ 1,2025-08-16,1.6,1.5579134,NNthap
DU LỄ 1,2025-08-17,1.875,1.6161019,NNTB
DU LỄ 1,2025-08-18,1.575,1.5798596,NNthap
DU LỄ 1,2025-08-19,1.575,1.6012448,NNthap
DU LỄ 1,2025-08-20,1.275,1.5363492,NNthap
DU LỄ 1,2025-08-21,1.275,1.4796783,NNthap
DU LỄ 1,2025-08-22,1.65,1.530125,NNTB
DU LỄ 1,2025-08-23,2.85,1.785833,NNcao
DU LỄ 1,2025-08-24,1.6,1.6884115,NNthap
DU LỄ 1,2025-08-25,2.1,1.7924767,NNTB
DU LỄ 1,2025-08-26,1.9,1.7974477,NNthap
DU LỄ 1,2025-08-27,1.525,1.6378834,NNthap
DU LỄ 1,2025-08-28,1.15,1.5441804,NNthap
DU LỄ 1,2025-08-29,1.4249999999999998,1.5198091,NNthap
DU LỄ 1,2025-08-30,1.45,1.4934053,NNthap
DU LỄ 1,2025-08-31,1.25,1.4474286,NNTB
DU LỄ 1,2025-09-01,2.225,1.6415377,NNcao
DU LỄ 1,2025-09-02,1.9,1.6814921,NNTB
DU LỄ 1,2025-09-03,1.425,1.5997577,NNthap
DU LỄ 1,2025-09-04,1.625,1.6487843,NNthap
DU LỄ 1,2025-09-05,1.65,1.6122268,NNthap
DU LỄ 1,2025-09-06,1.45,1.5500642,NNthap
DU LỄ 1,2025-09-07,1.225,1.498615,NNthap
DU LỄ 1,2025-09-08,1.225,1.4596661,NNthap
DU LỄ 1,2025-09-09,1.15,1.4082503,NNthap
DU LỄ 1,2025-09-10,1.35,1.4187189,NNthap
DU LỄ 1,2025-09-11,1.175,1.4028016,NNthap
DU LỄ 1,2025-09-12,1.325,1.4217325,NNthap
DU LỄ 1,2025-09-13,1.475,1.4727032,NNthap
DU LỄ 1,2025-09-14,1.325,1.4593391,NNTB
DU LỄ 1,2025-09-15,2.475,1.6927375,NNcao
DU LỄ 1,2025-09-16,1.275,1.5760813,NNthap
DU LỄ 1,2025-09-17,1.325,1.540607,NNthap
DU LỄ 1,2025-09-18,1.9,1.6685878,NNTB
DU LỄ 1,2025-09-19,2.775,1.8110852,NNcao
DU LỄ 1,2025-09-20,1.325,1.6328738,NNthap
DU LỄ 1,2025-09-21,1.5,1.6502236,NNthap
DU LỄ 1,2025-09-22,1.35,1.599688,NNTB
DU LỄ 1,2025-09-23,2.25,1.655423,NNcao
DU LỄ 1,2025-09-24,1.4,1.586632,NNthap
DU LỄ 1,2025-09-25,1.425,1.5597526,NNthap
DU LỄ 1,2025-09-26,2.1,1.7111404,NNTB
DU LỄ 1,2025-09-27,2.0,1.698305,NNTB
DU LỄ 1,2025-09-28,1.7000000000000002,1.6736642,NNthap
DU LỄ 1,2025-09-29,1.325,1.6048342,NNthap
DU LỄ 1,2025-09-30,1.425,1.561997,NNthap
DU LỄ 1,2025-10-14,1.95,1.6246353,NNTB
DU LỄ 1,2025-10-15,1.625,1.5967836,NNthap
DU LỄ 1,2025-10-16,1.425,1.5665026,NNthap
DU LỄ 1,2025-10-17,2.325,1.7485863,NNcao
DU LỄ 3,2025-07-04,2.225,2.37337,NNthap
DU LỄ 3,2025-07-05,2.775,2.5113225,NNTB
DU LỄ 3,2025-07-06,2.275,2.4021797,NNthap
DU LỄ 3,2025-07-07,3.225,2.6325986,NNTB
DU LỄ 3,2025-07-08,2.2,2.4577963,NNthap
DU LỄ 3,2025-07-09,1.9,2.3352008,NNthap
DU LỄ 3,2025-07-10,2.2,2.389949,NNthap
DU LỄ 3,2025-07-11,1.975,2.2527392,NNthap
DU LỄ 3,2025-07-12,1.75,2.1725001,NNthap
DU LỄ 3,2025-07-13,2.5,2.3135424,NNthap
DU LỄ 3,2025-07-14,2.05,2.2744942,NNthap
DU LỄ 3,2025-07-15,2.2,2.2997046,NNthap
DU LỄ 3,2025-07-16,1.925,2.2791324,NNthap
DU LỄ 3,2025-07-17,1.725,2.1736345,NNthap
DU LỄ 3,2025-07-18,1.95,2.185454,NNthap
DU LỄ 3,2025-07-19,2.625,2.3133485,NNTB
DU LỄ 3,2025-07-20,2.1500000000000004,2.310127,NNthap
DU LỄ 3,2025-07-21,2.4,2.3875425,NNthap
DU LỄ 3,2025-07-22,1.975,2.3285491,NNthap
DU LỄ 3,2025-07-23,2.125,2.2995753,NNthap
DU LỄ 3,2025-07-24,2.275,2.337881,NNthap
DU LỄ 3,2025-07-25,2.4,2.360944,NNthap
DU LỄ 3,2025-07-26,1.825,2.2629135,NNTB
DU LỄ 3,2025-07-27,3.9,2.6713016,NNcao
DU LỄ 3,2025-07-28,3.075,2.7099717,NNTB
DU LỄ 3,2025-07-29,1.7000000000000002,2.2959495,NNthap
DU LỄ 3,2025-07-30,1.825,2.413926,NNthap
DU LỄ 3,2025-07-31,2.45,2.3788881,NNthap
DU LỄ 3,2025-08-01,3.025,2.4654875,NNTB
DU LỄ 3,2025-08-02,3.125,2.6400156,NNTB
DU LỄ 3,2025-08-03,3.425,2.8011353,NNTB
DU LỄ 3,2025-08-04,2.125,2.4354374,NNthap
DU LỄ 3,2025-08-05,1.975,2.4229894,NNthap
DU LỄ 3,2025-08-06,2.05,2.3721855,NNthap
DU LỄ 3,2025-08-07,2.0,2.2393146,NNthap
DU LỄ 3,2025-08-08,2.625,2.3635528,NNTB
DU LỄ 3,2025-08-09,1.9,2.2793305,NNthap
DU LỄ 3,2025-08-10,1.75,2.208423,NNthap
DU LỄ 3,2025-08-11,2.075,2.257247,NNthap
DU LỄ 3,2025-08-12,2.35,2.2753243,NNTB
DU LỄ 3,2025-08-13,3.95,2.6736345,NNcao
DU LỄ 3,2025-08-14,4.875,3.1779468,NNcao
DU LỄ 3,2025-08-15,2.5,2.3755727,NNthap
DU LỄ 3,2025-08-16,2.325,2.6828036,NNthap
DU LỄ 3,2025-08-17,3.35,2.8985348,NNTB
DU LỄ 3,2025-08-18,2.825,2.628193,NNthap
DU LỄ 3,2025-08-19,2.025,2.4022367,NNthap
DU LỄ 3,2025-08-20,2.5,2.5371852,NNthap
DU LỄ 3,2025-08-21,2.8,2.5499132,NNthap
DU LỄ 3,2025-08-22,3.05,2.6153054,NNTB
DU LỄ 3,2025-08-23,1.925,2.3727183,NNthap
DU LỄ 3,2025-08-24,2.4,2.4718988,NNthap
DU LỄ 3,2025-08-25,2.65,2.5144038,NNthap
DU LỄ 3,2025-08-26,2.05,2.3382282,NNthap
DU LỄ 3,2025-08-27,2.125,2.3503766,NNthap
DU LỄ 3,2025-08-28,1.9,2.2774625,NNthap
DU LỄ 3,2025-08-29,2.25,2.2823033,NNthap
DU LỄ 3,2025-08-30,2.2,2.3044515,NNthap
DU LỄ 3,2025-08-31,2.3,2.3329186,NNthap
DU LỄ 3,2025-09-01,2.25,2.3598835,NNthap
DU LỄ 3,2025-09-02,2.925,2.5143971,NNTB
DU LỄ 3,2025-09-03,2.45,2.480895,NNthap
DU LỄ 3,2025-09-04,2.4,2.4644082,NNthap
DU LỄ 3,2025-09-05,2.8,2.5802875,NNthap
DU LỄ 3,2025-09-06,3.275,2.6958263,NNTB
DU LỄ 3,2025-09-07,2.625,2.578816,NNthap
DU LỄ 3,2025-09-08,2.975,2.6848526,NNTB
DU LỄ 3,2025-09-09,2.4,2.5358543,NNthap
DU LỄ 3,2025-09-10,2.675,2.5610592,NNthap
DU LỄ 3,2025-09-11,2.7,2.578948,NNthap
DU LỄ 3,2025-09-12,2.375,2.472771,NNthap
DU LỄ 3,2025-09-13,2.3,2.448437,NNthap
DU LỄ 3,2025-09-14,2.275,2.4160106,NNthap
DU LỄ 3,2025-09-15,1.95,2.3019638,NNthap
DU LỄ 3,2025-09-16,1.975,2.2638693,NNthap
DU LỄ 3,2025-09-17,2.575,2.3694706,NNthap
DU LỄ 3,2025-09-18,2.075,2.3068852,NNthap
DU LỄ 3,2025-09-19,3.0,2.5111368,NNTB
DU LỄ 3,2025-09-20,1.975,2.3678699,NNthap
DU LỄ 3,2025-09-21,2.475,2.427015,NNthap
DU LỄ 3,2025-09-22,2.575,2.5033886,NNthap
DU LỄ 3,2025-09-23,2.275,2.3956692,NNthap
DU LỄ 3,2025-09-24,2.05,2.3535528,NNthap
DU LỄ 3,2025-09-25,2.05,2.317293,NNthap
DU LỄ 3,2025-09-26,2.1,2.2831235,NNthap
DU LỄ 3,2025-09-27,2.325,2.3198712,NNthap
DU LỄ 3,2025-09-28,2.175,2.3196328,NNTB
DU LỄ 3,2025-09-29,3.3,2.5782259,NNcao
DU LỄ 3,2025-09-30,2.25,2.4538808,NNthap
DU LỄ 3,2025-10-14,2.45,2.4795232,NNthap
DU LỄ 3,2025-10-15,2.075,2.4119282,NNthap
DU LỄ 3,2025-10-16,1.95,2.2825203,NNthap
DU LỄ 3,2025-10-17,3.025,2.4949226,NNTB
TÂN VIÊN 2,2025-07-04,3.8,5.4679146,NNthap
TÂN VIÊN 2,2025-07-05,4.3,5.393422,NNthap
TÂN VIÊN 2,2025-07-06,3.8,5.3483396,NNthap
TÂN VIÊN 2,2025-07-07,3.75,5.2378235,NNthap
TÂN VIÊN 2,2025-07-08,4.675,5.416168,NNthap
TÂN VIÊN 2,2025-07-09,4.125,5.381127,NNTB
TÂN VIÊN 2,2025-07-10,20.2,8.416857,NNcao
TÂN VIÊN 2,2025-07-11,5.025,7.1949773,NNthap
TÂN VIÊN 2,2025-07-12,3.65,6.6686893,NNthap
TÂN VIÊN 2,2025-07-13,5.625,7.280008,NNthap
TÂN VIÊN 2,2025-07-14,4.025,5.591291,NNthap
TÂN VIÊN 2,2025-07-15,4.05,5.4442344,NNthap
TÂN VIÊN 2,2025-07-16,5.425,5.76132,NNthap
TÂN VIÊN 2,2025-07-17,4.45,5.599519,NNthap
TÂN VIÊN 2,2025-07-18,4.225,5.555314,NNthap
TÂN VIÊN 2,2025-07-19,4.85,5.689807,NNthap
TÂN VIÊN 2,2025-07-20,3.775,5.438809,NNthap
TÂN VIÊN 2,2025-07-21,3.675,5.3126483,NNthap
TÂN VIÊN 2,2025-07-22,4.55,5.4314218,NNTB
TÂN VIÊN 2,2025-07-23,16.7,7.759013,NNcao
TÂN VIÊN 2,2025-07-24,6.3,7.2498126,NNthap
TÂN VIÊN 2,2025-07-25,5.275,6.935383,NNthap
TÂN VIÊN 2,2025-07-26,3.925,6.7784343,NNthap
TÂN VIÊN 2,2025-07-27,5.2,5.883376,NNthap
TÂN VIÊN 2,2025-07-28,4.025,5.5845375,NNthap
TÂN VIÊN 2,2025-07-29,7.3,6.0857487,NNTB
TÂN VIÊN 2,2025-07-30,4.75,6.005229,NNthap
TÂN VIÊN 2,2025-07-31,5.875,6.1104093,NNthap
TÂN VIÊN 2,2025-08-01,7.550000000000001,6.6751637,NNTB
TÂN VIÊN 2,2025-08-02,5.175,6.246786,NNthap
TÂN VIÊN 2,2025-08-03,4.3,6.01351,NNTB
TÂN VIÊN 2,2025-08-04,20.2,8.958674,NNcao
TÂN VIÊN 2,2025-08-05,3.775,6.8829846,NNthap
TÂN VIÊN 2,2025-08-06,3.85,6.6467867,NNthap
TÂN VIÊN 2,2025-08-07,5.15,7.0872884,NNthap
TÂN VIÊN 2,2025-08-08,4.95,5.6224647,NNthap
TÂN VIÊN 2,2025-08-09,4.625,5.66053,NNthap
TÂN VIÊN 2,2025-08-10,4.9,5.7754655,NNthap
TÂN VIÊN 2,2025-08-11,3.75,5.5231295,NNthap
TÂN VIÊN 2,2025-08-12,3.7,5.356693,NNthap
TÂN VIÊN 2,2025-08-13,3.5500000000000003,5.2341943,NNthap
TÂN VIÊN 2,2025-08-14,4.975,5.3832994,NNthap
TÂN VIÊN 2,2025-08-15,3.95,5.3574753,NNthap
TÂN VIÊN 2,2025-08-16,4.05,5.362052,NNthap
TÂN VIÊN 2,2025-08-17,5.5,5.7057343,NNthap
TÂN VIÊN 2,2025-08-18,4.35,5.5819006,NNthap
TÂN VIÊN 2,2025-08-19,6.75,6.064888,NNTB
TÂN VIÊN 2,2025-08-20,3.525,5.7282057,NNthap
TÂN VIÊN 2,2025-08-21,4.2,5.579149,NNthap
TÂN VIÊN 2,2025-08-22,4.6,5.673192,NNthap
TÂN VIÊN 2,2025-08-23,3.6,5.281377,NNthap
TÂN VIÊN 2,2025-08-24,4.525,5.4348097,NNthap
TÂN VIÊN 2,2025-08-25,4.825,5.5644145,NNTB
TÂN VIÊN 2,2025-08-26,9.2,6.4772053,NNcao
TÂN VIÊN 2,2025-08-27,4.65,6.2157984,NNthap
TÂN VIÊN 2,2025-08-28,4.5,6.044935,NNthap
TÂN VIÊN 2,2025-08-29,5.05,6.1426697,NNTB
TÂN VIÊN 2,2025-08-30,26.8,9.786924,NNcao
TÂN VIÊN 2,2025-08-31,4.55,7.2802553,NNthap
TÂN VIÊN 2,2025-09-01,4.925,7.530986,NNthap
TÂN VIÊN 2,2025-09-02,5.15,7.8475714,NNthap
TÂN VIÊN 2,2025-09-03,4.4750000000000005,5.6986523,NNthap
TÂN VIÊN 2,2025-09-04,4.525,5.6756773,NNthap
TÂN VIÊN 2,2025-09-05,7.875,6.320867,NNTB
TÂN VIÊN 2,2025-09-06,5.15,6.1426134,NNthap
TÂN VIÊN 2,2025-09-07,6.275,6.3434796,NNthap
TÂN VIÊN 2,2025-09-08,5.525,6.380166,NNthap
TÂN VIÊN 2,2025-09-09,6.425,6.3345737,NNthap
TÂN VIÊN 2,2025-09-10,5.9,6.370096,NNthap
TÂN VIÊN 2,2025-09-11,4.75,6.0711403,NNthap
TÂN VIÊN 2,2025-09-12,4.8,5.9750166,NNthap
TÂN VIÊN 2,2025-09-13,5.625,6.0004783,NNthap
TÂN VIÊN 2,2025-09-14,5.575,5.997115,NNthap
TÂN VIÊN 2,2025-09-15,5.675,6.09244,NNthap
TÂN VIÊN 2,2025-09-16,4.975,6.0267434,NNthap
TÂN VIÊN 2,2025-09-17,4.6,5.8638325,NNthap
TÂN VIÊN 2,2025-09-18,5.275,5.9013405,NNthap
TÂN VIÊN 2,2025-09-19,4.65,5.7601676,NNthap
TÂN VIÊN 2,2025-09-20,5.0,5.779022,NNthap
TÂN VIÊN 2,2025-09-21,4.9,5.8085427,NNthap
TÂN VIÊN 2,2025-09-22,5.85,5.9664717,NNthap
TÂN VIÊN 2,2025-09-23,5.85,6.116286,NNthap
TÂN VIÊN 2,2025-09-24,5.05,6.0247445,NNthap
TÂN VIÊN 2,2025-09-25,4.775,5.9507957,NNthap
TÂN VIÊN 2,2025-09-26,4.675,5.82232,NNthap
TÂN VIÊN 2,2025-09-27,6.45,6.074569,NNthap
TÂN VIÊN 2,2025-09-28,6.175,6.221364,NNthap
TÂN VIÊN 2,2025-09-29,7.825,6.685374,NNTB
TÂN VIÊN 2,2025-09-30,4.825,6.362351,NNthap
TÂN VIÊN 2,2025-10-14,5.575,6.296813,NNthap
TÂN VIÊN 2,2025-10-15,5.5,6.2584596,NNthap
TÂN VIÊN 2,2025-10-16,6.275,6.2056174,NNTB
TÂN VIÊN 2,2025-10-17,6.05,6.3193393,NNcao